FileName,SHA256,FileSize
CrmReport_627536.html,956fbec393571e95d9e552402a24ee36c1f19a22faa7a3f96be61e5993755def,5310
CrmReport_367384.html,e9cb31c73318d14a4839e7cd4e7ac4853a637149a8c4c380bcb333ac734530a9,5314
CrmReport_969689.html,c371841543ee897ae1955f2597d7074a73e641a3d83360bc007c91ce16356a02,5314
CrmReport_719514.html,e4a76535752b06439233a1ba97c25fd0cfa1491c02a0acb7a8343dacca848783,5318
CrmReport_794500.html,1b05b034213876bc51fd4dcd185db79a661bb2c59b20b5899adcb56f98427ed4,5318
CrmReport_383826.html,eb80c1acb6fb298c5128d612f07adb0b58386c12fbbedc1a30f0e5090276fc94,5322
CrmReport_671021.html,47810e5b29fa87e443d90feea75a53bb876954bda3326f65833e2e644a9fc071,5322
CrmReport_840516.html,21a25b127a3f4a52bd443cf6cc3ba6bd53589f6e0183c7837c5d5534042857fb,5326
CrmReport_962444.html,da6f62fc95b6d1e35b1eb62e8680354cda49d6eb59523e4f858271a364852ad8,5330
CrmReport_892871.html,b45c18745933a75535cce6eba23807759026bd5c9a7100aabe43a6f1f1341dad,5330